,Decile,Dropout,Total,Observed Dropout Rate
0,1,7,35,0.2
1,2,8,35,0.22857142857142856
2,3,6,35,0.17142857142857143
3,4,9,35,0.2571428571428571
4,5,13,35,0.37142857142857144
5,6,12,34,0.35294117647058826
6,7,12,35,0.34285714285714286
7,8,12,35,0.34285714285714286
8,9,12,35,0.34285714285714286
9,10,24,35,0.6857142857142857
