,Decile,Dropout,Total,Observed Dropout Rate
0,1,3,108,0.027777777777777776
1,2,5,106,0.04716981132075472
2,3,12,100,0.12
3,4,17,104,0.16346153846153846
4,5,20,104,0.19230769230769232
5,6,26,104,0.25
6,7,47,105,0.44761904761904764
7,8,58,104,0.5576923076923077
8,9,65,104,0.625
9,10,91,105,0.8666666666666667
