,Decile,Dropout,Total,Observed Dropout Rate
0,1,7,35,0.2
1,2,7,35,0.2
2,3,6,35,0.17142857142857143
3,4,11,35,0.3142857142857143
4,5,10,35,0.2857142857142857
5,6,11,35,0.3142857142857143
6,7,14,35,0.4
7,8,12,36,0.3333333333333333
8,9,14,33,0.42424242424242425
9,10,23,35,0.6571428571428571
