,Decile,Dropout,Total,Observed Dropout Rate
0,1,7,35,0.2
1,2,5,35,0.14285714285714285
2,3,11,35,0.3142857142857143
3,4,5,35,0.14285714285714285
4,5,11,35,0.3142857142857143
5,6,14,34,0.4117647058823529
6,7,12,35,0.34285714285714286
7,8,15,35,0.42857142857142855
8,9,16,35,0.45714285714285713
9,10,19,35,0.5428571428571428
