,Decile,Dropout,Total,Observed Dropout Rate
0,1,8,35,0.22857142857142856
1,2,8,35,0.22857142857142856
2,3,8,35,0.22857142857142856
3,4,10,35,0.2857142857142857
4,5,9,35,0.2571428571428571
5,6,12,34,0.35294117647058826
6,7,8,35,0.22857142857142856
7,8,16,35,0.45714285714285713
8,9,13,36,0.3611111111111111
9,10,23,34,0.6764705882352942
