,Decile,Dropout,Total,Observed Dropout Rate
0,1,11,106,0.10377358490566038
1,2,11,103,0.10679611650485436
2,3,20,104,0.19230769230769232
3,4,28,107,0.2616822429906542
4,5,29,102,0.28431372549019607
5,6,34,104,0.3269230769230769
6,7,50,107,0.4672897196261682
7,8,40,102,0.39215686274509803
8,9,51,104,0.49038461538461536
9,10,70,105,0.6666666666666666
